MCI,SMC,CN,AD,LMCI,EMCI
../../asset/dataset_jpg_brightness/MCI/i251178/19.jpg,../../asset/dataset_jpg_brightness/SMC/i379264/19.jpg,../../asset/dataset_jpg_brightness/CN/i270402/18.jpg,../../asset/dataset_jpg_brightness/AD/i372598/19.jpg,../../asset/dataset_jpg_brightness/LMCI/i507165/18.jpg,../../asset/dataset_jpg_brightness/EMCI/i434499/18.jpg
../../asset/dataset_jpg_brightness/MCI/i251178/18.jpg,../../asset/dataset_jpg_brightness/SMC/i379264/18.jpg,../../asset/dataset_jpg_brightness/CN/i270402/14.jpg,../../asset/dataset_jpg_brightness/AD/i372598/18.jpg,../../asset/dataset_jpg_brightness/LMCI/i507165/14.jpg,../../asset/dataset_jpg_brightness/EMCI/i434499/14.jpg
../../asset/dataset_jpg_brightness/MCI/i251178/14.jpg,../../asset/dataset_jpg_brightness/SMC/i379264/17.jpg,../../asset/dataset_jpg_brightness/CN/i270402/17.jpg,../../asset/dataset_jpg_brightness/AD/i372598/20.jpg,../../asset/dataset_jpg_brightness/LMCI/i507165/13.jpg,../../asset/dataset_jpg_brightness/EMCI/i434499/17.jpg
../../asset/dataset_jpg_brightness/MCI/i251178/17.jpg,../../asset/dataset_jpg_brightness/SMC/i379264/20.jpg,../../asset/dataset_jpg_brightness/CN/i270402/15.jpg,../../asset/dataset_jpg_brightness/AD/i372598/15.jpg,../../asset/dataset_jpg_brightness/LMCI/i507165/15.jpg,../../asset/dataset_jpg_brightness/EMCI/i434499/15.jpg
../../asset/dataset_jpg_brightness/MCI/i251178/20.jpg,../../asset/dataset_jpg_brightness/SMC/i379264/21.jpg,../../asset/dataset_jpg_brightness/CN/i270402/16.jpg,../../asset/dataset_jpg_brightness/AD/i372598/16.jpg,../../asset/dataset_jpg_brightness/LMCI/i507165/16.jpg,../../asset/dataset_jpg_brightness/EMCI/i434499/16.jpg
../../asset/dataset_jpg_brightness/MCI/i354664/19.jpg,../../asset/dataset_jpg_brightness/SMC/i368161/19.jpg,../../asset/dataset_jpg_brightness/CN/i267709/18.jpg,../../asset/dataset_jpg_brightness/AD/i342912/19.jpg,../../asset/dataset_jpg_brightness/LMCI/i761014/19.jpg,../../asset/dataset_jpg_brightness/EMCI/i307990/19.jpg
../../asset/dataset_jpg_brightness/MCI/i354664/18.jpg,../../asset/dataset_jpg_brightness/SMC/i368161/22.jpg,../../asset/dataset_jpg_brightness/CN/i267709/14.jpg,../../asset/dataset_jpg_brightness/AD/i342912/18.jpg,../../asset/dataset_jpg_brightness/LMCI/i761014/18.jpg,../../asset/dataset_jpg_brightness/EMCI/i307990/17.jpg
../../asset/dataset_jpg_brightness/MCI/i354664/17.jpg,../../asset/dataset_jpg_brightness/SMC/i368161/18.jpg,../../asset/dataset_jpg_brightness/CN/i267709/17.jpg,../../asset/dataset_jpg_brightness/AD/i342912/14.jpg,../../asset/dataset_jpg_brightness/LMCI/i761014/17.jpg,../../asset/dataset_jpg_brightness/EMCI/i307990/20.jpg
../../asset/dataset_jpg_brightness/MCI/i354664/15.jpg,../../asset/dataset_jpg_brightness/SMC/i368161/20.jpg,../../asset/dataset_jpg_brightness/CN/i267709/15.jpg,../../asset/dataset_jpg_brightness/AD/i342912/17.jpg,../../asset/dataset_jpg_brightness/LMCI/i761014/20.jpg,../../asset/dataset_jpg_brightness/EMCI/i307990/15.jpg
../../asset/dataset_jpg_brightness/MCI/i354664/16.jpg,../../asset/dataset_jpg_brightness/SMC/i368161/16.jpg,../../asset/dataset_jpg_brightness/CN/i267709/16.jpg,../../asset/dataset_jpg_brightness/AD/i342912/15.jpg,../../asset/dataset_jpg_brightness/LMCI/i761014/16.jpg,../../asset/dataset_jpg_brightness/EMCI/i307990/16.jpg
../../asset/dataset_jpg_brightness/MCI/i274146/18.jpg,../../asset/dataset_jpg_brightness/SMC/i387119/29.jpg,../../asset/dataset_jpg_brightness/CN/i277132/28.jpg,../../asset/dataset_jpg_brightness/AD/i372643/19.jpg,../../asset/dataset_jpg_brightness/LMCI/i341320/19.jpg,../../asset/dataset_jpg_brightness/EMCI/i395567/28.jpg
../../asset/dataset_jpg_brightness/MCI/i274146/14.jpg,../../asset/dataset_jpg_brightness/SMC/i387119/26.jpg,../../asset/dataset_jpg_brightness/CN/i277132/23.jpg,../../asset/dataset_jpg_brightness/AD/i372643/18.jpg,../../asset/dataset_jpg_brightness/LMCI/i341320/18.jpg,../../asset/dataset_jpg_brightness/EMCI/i395567/29.jpg
../../asset/dataset_jpg_brightness/MCI/i274146/17.jpg,../../asset/dataset_jpg_brightness/SMC/i387119/23.jpg,../../asset/dataset_jpg_brightness/CN/i277132/25.jpg,../../asset/dataset_jpg_brightness/AD/i372643/14.jpg,../../asset/dataset_jpg_brightness/LMCI/i341320/17.jpg,../../asset/dataset_jpg_brightness/EMCI/i395567/30.jpg
../../asset/dataset_jpg_brightness/MCI/i274146/15.jpg,../../asset/dataset_jpg_brightness/SMC/i387119/27.jpg,../../asset/dataset_jpg_brightness/CN/i277132/27.jpg,../../asset/dataset_jpg_brightness/AD/i372643/20.jpg,../../asset/dataset_jpg_brightness/LMCI/i341320/21.jpg,../../asset/dataset_jpg_brightness/EMCI/i395567/31.jpg
../../asset/dataset_jpg_brightness/MCI/i274146/16.jpg,../../asset/dataset_jpg_brightness/SMC/i387119/24.jpg,../../asset/dataset_jpg_brightness/CN/i277132/24.jpg,../../asset/dataset_jpg_brightness/AD/i372643/15.jpg,../../asset/dataset_jpg_brightness/LMCI/i341320/15.jpg,../../asset/dataset_jpg_brightness/EMCI/i395567/32.jpg
../../asset/dataset_jpg_brightness/MCI/i422073/19.jpg,../../asset/dataset_jpg_brightness/SMC/i364802/19.jpg,../../asset/dataset_jpg_brightness/CN/i350460/19.jpg,../../asset/dataset_jpg_brightness/AD/i415208/8.jpg,../../asset/dataset_jpg_brightness/LMCI/i339626/19.jpg,../../asset/dataset_jpg_brightness/EMCI/i199194/26.jpg
../../asset/dataset_jpg_brightness/MCI/i422073/22.jpg,../../asset/dataset_jpg_brightness/SMC/i364802/18.jpg,../../asset/dataset_jpg_brightness/CN/i350460/18.jpg,../../asset/dataset_jpg_brightness/AD/i415208/7.jpg,../../asset/dataset_jpg_brightness/LMCI/i339626/18.jpg,../../asset/dataset_jpg_brightness/EMCI/i199194/23.jpg
../../asset/dataset_jpg_brightness/MCI/i422073/28.jpg,../../asset/dataset_jpg_brightness/SMC/i364802/17.jpg,../../asset/dataset_jpg_brightness/CN/i350460/17.jpg,../../asset/dataset_jpg_brightness/AD/i415208/6.jpg,../../asset/dataset_jpg_brightness/LMCI/i339626/17.jpg,../../asset/dataset_jpg_brightness/EMCI/i199194/21.jpg
../../asset/dataset_jpg_brightness/MCI/i422073/26.jpg,../../asset/dataset_jpg_brightness/SMC/i364802/20.jpg,../../asset/dataset_jpg_brightness/CN/i350460/20.jpg,../../asset/dataset_jpg_brightness/AD/i415208/9.jpg,../../asset/dataset_jpg_brightness/LMCI/i339626/20.jpg,../../asset/dataset_jpg_brightness/EMCI/i199194/25.jpg
../../asset/dataset_jpg_brightness/MCI/i422073/21.jpg,../../asset/dataset_jpg_brightness/SMC/i364802/16.jpg,../../asset/dataset_jpg_brightness/CN/i350460/15.jpg,../../asset/dataset_jpg_brightness/AD/i415208/10.jpg,../../asset/dataset_jpg_brightness/LMCI/i339626/16.jpg,../../asset/dataset_jpg_brightness/EMCI/i199194/24.jpg
../../asset/dataset_jpg_brightness/MCI/i220063/19.jpg,../../asset/dataset_jpg_brightness/SMC/i742541/12.jpg,../../asset/dataset_jpg_brightness/CN/i315854/19.jpg,../../asset/dataset_jpg_brightness/AD/i357481/19.jpg,../../asset/dataset_jpg_brightness/LMCI/i287645/28.jpg,../../asset/dataset_jpg_brightness/EMCI/i316516/19.jpg
../../asset/dataset_jpg_brightness/MCI/i220063/18.jpg,../../asset/dataset_jpg_brightness/SMC/i742541/14.jpg,../../asset/dataset_jpg_brightness/CN/i315854/17.jpg,../../asset/dataset_jpg_brightness/AD/i357481/18.jpg,../../asset/dataset_jpg_brightness/LMCI/i287645/29.jpg,../../asset/dataset_jpg_brightness/EMCI/i316516/18.jpg
../../asset/dataset_jpg_brightness/MCI/i220063/17.jpg,../../asset/dataset_jpg_brightness/SMC/i742541/17.jpg,../../asset/dataset_jpg_brightness/CN/i315854/20.jpg,../../asset/dataset_jpg_brightness/AD/i357481/14.jpg,../../asset/dataset_jpg_brightness/LMCI/i287645/26.jpg,../../asset/dataset_jpg_brightness/EMCI/i316516/14.jpg
../../asset/dataset_jpg_brightness/MCI/i220063/21.jpg,../../asset/dataset_jpg_brightness/SMC/i742541/15.jpg,../../asset/dataset_jpg_brightness/CN/i315854/15.jpg,../../asset/dataset_jpg_brightness/AD/i357481/13.jpg,../../asset/dataset_jpg_brightness/LMCI/i287645/27.jpg,../../asset/dataset_jpg_brightness/EMCI/i316516/15.jpg
../../asset/dataset_jpg_brightness/MCI/i220063/16.jpg,../../asset/dataset_jpg_brightness/SMC/i742541/16.jpg,../../asset/dataset_jpg_brightness/CN/i315854/16.jpg,../../asset/dataset_jpg_brightness/AD/i357481/17.jpg,../../asset/dataset_jpg_brightness/LMCI/i287645/31.jpg,../../asset/dataset_jpg_brightness/EMCI/i316516/16.jpg
../../asset/dataset_jpg_brightness/MCI/i332648/19.jpg,../../asset/dataset_jpg_brightness/SMC/i511873/19.jpg,../../asset/dataset_jpg_brightness/CN/i662485/19.jpg,../../asset/dataset_jpg_brightness/AD/i376262/19.jpg,../../asset/dataset_jpg_brightness/LMCI/i371409/19.jpg,../../asset/dataset_jpg_brightness/EMCI/i274433/14.jpg
../../asset/dataset_jpg_brightness/MCI/i332648/18.jpg,../../asset/dataset_jpg_brightness/SMC/i511873/18.jpg,../../asset/dataset_jpg_brightness/CN/i662485/18.jpg,../../asset/dataset_jpg_brightness/AD/i376262/18.jpg,../../asset/dataset_jpg_brightness/LMCI/i371409/18.jpg,../../asset/dataset_jpg_brightness/EMCI/i274433/13.jpg
../../asset/dataset_jpg_brightness/MCI/i332648/17.jpg,../../asset/dataset_jpg_brightness/SMC/i511873/20.jpg,../../asset/dataset_jpg_brightness/CN/i662485/17.jpg,../../asset/dataset_jpg_brightness/AD/i376262/17.jpg,../../asset/dataset_jpg_brightness/LMCI/i371409/20.jpg,../../asset/dataset_jpg_brightness/EMCI/i274433/17.jpg
../../asset/dataset_jpg_brightness/MCI/i332648/20.jpg,../../asset/dataset_jpg_brightness/SMC/i511873/21.jpg,../../asset/dataset_jpg_brightness/CN/i662485/21.jpg,../../asset/dataset_jpg_brightness/AD/i376262/21.jpg,../../asset/dataset_jpg_brightness/LMCI/i371409/21.jpg,../../asset/dataset_jpg_brightness/EMCI/i274433/15.jpg
../../asset/dataset_jpg_brightness/MCI/i332648/16.jpg,../../asset/dataset_jpg_brightness/SMC/i511873/16.jpg,../../asset/dataset_jpg_brightness/CN/i662485/16.jpg,../../asset/dataset_jpg_brightness/AD/i376262/16.jpg,../../asset/dataset_jpg_brightness/LMCI/i371409/16.jpg,../../asset/dataset_jpg_brightness/EMCI/i274433/16.jpg
../../asset/dataset_jpg_brightness/MCI/i411279/19.jpg,../../asset/dataset_jpg_brightness/SMC/i431500/19.jpg,../../asset/dataset_jpg_brightness/CN/i274822/19.jpg,../../asset/dataset_jpg_brightness/AD/i346239/29.jpg,../../asset/dataset_jpg_brightness/LMCI/i338108/19.jpg,../../asset/dataset_jpg_brightness/EMCI/i414385/19.jpg
../../asset/dataset_jpg_brightness/MCI/i411279/12.jpg,../../asset/dataset_jpg_brightness/SMC/i431500/18.jpg,../../asset/dataset_jpg_brightness/CN/i274822/18.jpg,../../asset/dataset_jpg_brightness/AD/i346239/26.jpg,../../asset/dataset_jpg_brightness/LMCI/i338108/18.jpg,../../asset/dataset_jpg_brightness/EMCI/i414385/14.jpg
../../asset/dataset_jpg_brightness/MCI/i411279/18.jpg,../../asset/dataset_jpg_brightness/SMC/i431500/17.jpg,../../asset/dataset_jpg_brightness/CN/i274822/17.jpg,../../asset/dataset_jpg_brightness/AD/i346239/25.jpg,../../asset/dataset_jpg_brightness/LMCI/i338108/17.jpg,../../asset/dataset_jpg_brightness/EMCI/i414385/17.jpg
../../asset/dataset_jpg_brightness/MCI/i411279/13.jpg,../../asset/dataset_jpg_brightness/SMC/i431500/20.jpg,../../asset/dataset_jpg_brightness/CN/i274822/15.jpg,../../asset/dataset_jpg_brightness/AD/i346239/30.jpg,../../asset/dataset_jpg_brightness/LMCI/i338108/20.jpg,../../asset/dataset_jpg_brightness/EMCI/i414385/15.jpg
../../asset/dataset_jpg_brightness/MCI/i411279/15.jpg,../../asset/dataset_jpg_brightness/SMC/i431500/21.jpg,../../asset/dataset_jpg_brightness/CN/i274822/16.jpg,../../asset/dataset_jpg_brightness/AD/i346239/27.jpg,../../asset/dataset_jpg_brightness/LMCI/i338108/21.jpg,../../asset/dataset_jpg_brightness/EMCI/i414385/16.jpg
../../asset/dataset_jpg_brightness/MCI/i776226/19.jpg,../../asset/dataset_jpg_brightness/SMC/i405611/19.jpg,../../asset/dataset_jpg_brightness/CN/i813809/28.jpg,../../asset/dataset_jpg_brightness/AD/i280779/19.jpg,../../asset/dataset_jpg_brightness/LMCI/i269252/19.jpg,../../asset/dataset_jpg_brightness/EMCI/i338741/19.jpg
../../asset/dataset_jpg_brightness/MCI/i776226/14.jpg,../../asset/dataset_jpg_brightness/SMC/i405611/18.jpg,../../asset/dataset_jpg_brightness/CN/i813809/30.jpg,../../asset/dataset_jpg_brightness/AD/i280779/14.jpg,../../asset/dataset_jpg_brightness/LMCI/i269252/18.jpg,../../asset/dataset_jpg_brightness/EMCI/i338741/18.jpg
../../asset/dataset_jpg_brightness/MCI/i776226/17.jpg,../../asset/dataset_jpg_brightness/SMC/i405611/14.jpg,../../asset/dataset_jpg_brightness/CN/i813809/27.jpg,../../asset/dataset_jpg_brightness/AD/i280779/13.jpg,../../asset/dataset_jpg_brightness/LMCI/i269252/20.jpg,../../asset/dataset_jpg_brightness/EMCI/i338741/20.jpg
../../asset/dataset_jpg_brightness/MCI/i776226/20.jpg,../../asset/dataset_jpg_brightness/SMC/i405611/13.jpg,../../asset/dataset_jpg_brightness/CN/i813809/31.jpg,../../asset/dataset_jpg_brightness/AD/i280779/15.jpg,../../asset/dataset_jpg_brightness/LMCI/i269252/15.jpg,../../asset/dataset_jpg_brightness/EMCI/i338741/21.jpg
../../asset/dataset_jpg_brightness/MCI/i776226/21.jpg,../../asset/dataset_jpg_brightness/SMC/i405611/15.jpg,../../asset/dataset_jpg_brightness/CN/i813809/32.jpg,../../asset/dataset_jpg_brightness/AD/i280779/16.jpg,../../asset/dataset_jpg_brightness/LMCI/i269252/16.jpg,../../asset/dataset_jpg_brightness/EMCI/i338741/16.jpg
../../asset/dataset_jpg_brightness/MCI/i286999/19.jpg,../../asset/dataset_jpg_brightness/SMC/i505145/19.jpg,../../asset/dataset_jpg_brightness/CN/i495047/19.jpg,../../asset/dataset_jpg_brightness/AD/i347096/19.jpg,../../asset/dataset_jpg_brightness/LMCI/i287087/18.jpg,../../asset/dataset_jpg_brightness/EMCI/i280327/19.jpg
../../asset/dataset_jpg_brightness/MCI/i286999/13.jpg,../../asset/dataset_jpg_brightness/SMC/i505145/14.jpg,../../asset/dataset_jpg_brightness/CN/i495047/18.jpg,../../asset/dataset_jpg_brightness/AD/i347096/18.jpg,../../asset/dataset_jpg_brightness/LMCI/i287087/14.jpg,../../asset/dataset_jpg_brightness/EMCI/i280327/17.jpg
../../asset/dataset_jpg_brightness/MCI/i286999/17.jpg,../../asset/dataset_jpg_brightness/SMC/i505145/17.jpg,../../asset/dataset_jpg_brightness/CN/i495047/14.jpg,../../asset/dataset_jpg_brightness/AD/i347096/17.jpg,../../asset/dataset_jpg_brightness/LMCI/i287087/13.jpg,../../asset/dataset_jpg_brightness/EMCI/i280327/20.jpg
../../asset/dataset_jpg_brightness/MCI/i286999/15.jpg,../../asset/dataset_jpg_brightness/SMC/i505145/15.jpg,../../asset/dataset_jpg_brightness/CN/i495047/21.jpg,../../asset/dataset_jpg_brightness/AD/i347096/20.jpg,../../asset/dataset_jpg_brightness/LMCI/i287087/15.jpg,../../asset/dataset_jpg_brightness/EMCI/i280327/21.jpg
../../asset/dataset_jpg_brightness/MCI/i286999/16.jpg,../../asset/dataset_jpg_brightness/SMC/i505145/16.jpg,../../asset/dataset_jpg_brightness/CN/i495047/15.jpg,../../asset/dataset_jpg_brightness/AD/i347096/16.jpg,../../asset/dataset_jpg_brightness/LMCI/i287087/16.jpg,../../asset/dataset_jpg_brightness/EMCI/i280327/24.jpg
../../asset/dataset_jpg_brightness/MCI/i292426/14.jpg,../../asset/dataset_jpg_brightness/SMC/i378489/19.jpg,../../asset/dataset_jpg_brightness/CN/i298509/19.jpg,../../asset/dataset_jpg_brightness/AD/i423921/22.jpg,../../asset/dataset_jpg_brightness/LMCI/i270578/18.jpg,../../asset/dataset_jpg_brightness/EMCI/i259899/19.jpg
../../asset/dataset_jpg_brightness/MCI/i292426/13.jpg,../../asset/dataset_jpg_brightness/SMC/i378489/22.jpg,../../asset/dataset_jpg_brightness/CN/i298509/18.jpg,../../asset/dataset_jpg_brightness/AD/i423921/26.jpg,../../asset/dataset_jpg_brightness/LMCI/i270578/14.jpg,../../asset/dataset_jpg_brightness/EMCI/i259899/18.jpg
../../asset/dataset_jpg_brightness/MCI/i292426/17.jpg,../../asset/dataset_jpg_brightness/SMC/i378489/18.jpg,../../asset/dataset_jpg_brightness/CN/i298509/17.jpg,../../asset/dataset_jpg_brightness/AD/i423921/21.jpg,../../asset/dataset_jpg_brightness/LMCI/i270578/17.jpg,../../asset/dataset_jpg_brightness/EMCI/i259899/17.jpg
../../asset/dataset_jpg_brightness/MCI/i292426/15.jpg,../../asset/dataset_jpg_brightness/SMC/i378489/20.jpg,../../asset/dataset_jpg_brightness/CN/i298509/15.jpg,../../asset/dataset_jpg_brightness/AD/i423921/25.jpg,../../asset/dataset_jpg_brightness/LMCI/i270578/20.jpg,../../asset/dataset_jpg_brightness/EMCI/i259899/15.jpg
../../asset/dataset_jpg_brightness/MCI/i292426/16.jpg,../../asset/dataset_jpg_brightness/SMC/i378489/21.jpg,../../asset/dataset_jpg_brightness/CN/i298509/16.jpg,../../asset/dataset_jpg_brightness/AD/i423921/24.jpg,../../asset/dataset_jpg_brightness/LMCI/i270578/15.jpg,../../asset/dataset_jpg_brightness/EMCI/i259899/16.jpg
../../asset/dataset_jpg_brightness/MCI/i322048/19.jpg,../../asset/dataset_jpg_brightness/SMC/i498757/14.jpg,../../asset/dataset_jpg_brightness/CN/i289655/18.jpg,../../asset/dataset_jpg_brightness/AD/i371974/19.jpg,../../asset/dataset_jpg_brightness/LMCI/i343302/18.jpg,../../asset/dataset_jpg_brightness/EMCI/i346228/14.jpg
../../asset/dataset_jpg_brightness/MCI/i322048/18.jpg,../../asset/dataset_jpg_brightness/SMC/i498757/13.jpg,../../asset/dataset_jpg_brightness/CN/i289655/14.jpg,../../asset/dataset_jpg_brightness/AD/i371974/18.jpg,../../asset/dataset_jpg_brightness/LMCI/i343302/17.jpg,../../asset/dataset_jpg_brightness/EMCI/i346228/13.jpg
../../asset/dataset_jpg_brightness/MCI/i322048/17.jpg,../../asset/dataset_jpg_brightness/SMC/i498757/17.jpg,../../asset/dataset_jpg_brightness/CN/i289655/13.jpg,../../asset/dataset_jpg_brightness/AD/i371974/14.jpg,../../asset/dataset_jpg_brightness/LMCI/i343302/20.jpg,../../asset/dataset_jpg_brightness/EMCI/i346228/17.jpg
../../asset/dataset_jpg_brightness/MCI/i322048/20.jpg,../../asset/dataset_jpg_brightness/SMC/i498757/15.jpg,../../asset/dataset_jpg_brightness/CN/i289655/17.jpg,../../asset/dataset_jpg_brightness/AD/i371974/20.jpg,../../asset/dataset_jpg_brightness/LMCI/i343302/15.jpg,../../asset/dataset_jpg_brightness/EMCI/i346228/15.jpg
../../asset/dataset_jpg_brightness/MCI/i322048/15.jpg,../../asset/dataset_jpg_brightness/SMC/i498757/16.jpg,../../asset/dataset_jpg_brightness/CN/i289655/16.jpg,../../asset/dataset_jpg_brightness/AD/i371974/16.jpg,../../asset/dataset_jpg_brightness/LMCI/i343302/16.jpg,../../asset/dataset_jpg_brightness/EMCI/i346228/16.jpg
../../asset/dataset_jpg_brightness/MCI/i227600/14.jpg,../../asset/dataset_jpg_brightness/SMC/i387162/19.jpg,../../asset/dataset_jpg_brightness/CN/i262080/19.jpg,../../asset/dataset_jpg_brightness/AD/i340025/19.jpg,../../asset/dataset_jpg_brightness/LMCI/i270538/19.jpg,../../asset/dataset_jpg_brightness/EMCI/i264537/22.jpg
../../asset/dataset_jpg_brightness/MCI/i227600/13.jpg,../../asset/dataset_jpg_brightness/SMC/i387162/14.jpg,../../asset/dataset_jpg_brightness/CN/i262080/18.jpg,../../asset/dataset_jpg_brightness/AD/i340025/18.jpg,../../asset/dataset_jpg_brightness/LMCI/i270538/18.jpg,../../asset/dataset_jpg_brightness/EMCI/i264537/18.jpg
../../asset/dataset_jpg_brightness/MCI/i227600/17.jpg,../../asset/dataset_jpg_brightness/SMC/i387162/13.jpg,../../asset/dataset_jpg_brightness/CN/i262080/17.jpg,../../asset/dataset_jpg_brightness/AD/i340025/17.jpg,../../asset/dataset_jpg_brightness/LMCI/i270538/17.jpg,../../asset/dataset_jpg_brightness/EMCI/i264537/17.jpg
../../asset/dataset_jpg_brightness/MCI/i227600/15.jpg,../../asset/dataset_jpg_brightness/SMC/i387162/15.jpg,../../asset/dataset_jpg_brightness/CN/i262080/15.jpg,../../asset/dataset_jpg_brightness/AD/i340025/20.jpg,../../asset/dataset_jpg_brightness/LMCI/i270538/20.jpg,../../asset/dataset_jpg_brightness/EMCI/i264537/20.jpg
../../asset/dataset_jpg_brightness/MCI/i227600/16.jpg,../../asset/dataset_jpg_brightness/SMC/i387162/16.jpg,../../asset/dataset_jpg_brightness/CN/i262080/16.jpg,../../asset/dataset_jpg_brightness/AD/i340025/16.jpg,../../asset/dataset_jpg_brightness/LMCI/i270538/16.jpg,../../asset/dataset_jpg_brightness/EMCI/i264537/16.jpg
../../asset/dataset_jpg_brightness/MCI/i400354/18.jpg,../../asset/dataset_jpg_brightness/SMC/i583256/19.jpg,../../asset/dataset_jpg_brightness/CN/i375660/19.jpg,../../asset/dataset_jpg_brightness/AD/i423656/22.jpg,../../asset/dataset_jpg_brightness/LMCI/i341311/19.jpg,../../asset/dataset_jpg_brightness/EMCI/i423384/19.jpg
../../asset/dataset_jpg_brightness/MCI/i400354/13.jpg,../../asset/dataset_jpg_brightness/SMC/i583256/12.jpg,../../asset/dataset_jpg_brightness/CN/i375660/18.jpg,../../asset/dataset_jpg_brightness/AD/i423656/28.jpg,../../asset/dataset_jpg_brightness/LMCI/i341311/13.jpg,../../asset/dataset_jpg_brightness/EMCI/i423384/18.jpg
../../asset/dataset_jpg_brightness/MCI/i400354/17.jpg,../../asset/dataset_jpg_brightness/SMC/i583256/18.jpg,../../asset/dataset_jpg_brightness/CN/i375660/14.jpg,../../asset/dataset_jpg_brightness/AD/i423656/23.jpg,../../asset/dataset_jpg_brightness/LMCI/i341311/21.jpg,../../asset/dataset_jpg_brightness/EMCI/i423384/20.jpg
../../asset/dataset_jpg_brightness/MCI/i400354/15.jpg,../../asset/dataset_jpg_brightness/SMC/i583256/14.jpg,../../asset/dataset_jpg_brightness/CN/i375660/17.jpg,../../asset/dataset_jpg_brightness/AD/i423656/27.jpg,../../asset/dataset_jpg_brightness/LMCI/i341311/15.jpg,../../asset/dataset_jpg_brightness/EMCI/i423384/21.jpg
../../asset/dataset_jpg_brightness/MCI/i400354/16.jpg,../../asset/dataset_jpg_brightness/SMC/i583256/13.jpg,../../asset/dataset_jpg_brightness/CN/i375660/16.jpg,../../asset/dataset_jpg_brightness/AD/i423656/24.jpg,../../asset/dataset_jpg_brightness/LMCI/i341311/16.jpg,../../asset/dataset_jpg_brightness/EMCI/i423384/16.jpg
../../asset/dataset_jpg_brightness/MCI/i352949/14.jpg,../../asset/dataset_jpg_brightness/SMC/i382590/19.jpg,../../asset/dataset_jpg_brightness/CN/i398528/19.jpg,../../asset/dataset_jpg_brightness/AD/i347086/19.jpg,../../asset/dataset_jpg_brightness/LMCI/i362138/18.jpg,../../asset/dataset_jpg_brightness/EMCI/i265871/19.jpg
../../asset/dataset_jpg_brightness/MCI/i352949/13.jpg,../../asset/dataset_jpg_brightness/SMC/i382590/18.jpg,../../asset/dataset_jpg_brightness/CN/i398528/18.jpg,../../asset/dataset_jpg_brightness/AD/i347086/18.jpg,../../asset/dataset_jpg_brightness/LMCI/i362138/17.jpg,../../asset/dataset_jpg_brightness/EMCI/i265871/18.jpg
../../asset/dataset_jpg_brightness/MCI/i352949/17.jpg,../../asset/dataset_jpg_brightness/SMC/i382590/20.jpg,../../asset/dataset_jpg_brightness/CN/i398528/17.jpg,../../asset/dataset_jpg_brightness/AD/i347086/14.jpg,../../asset/dataset_jpg_brightness/LMCI/i362138/20.jpg,../../asset/dataset_jpg_brightness/EMCI/i265871/17.jpg
../../asset/dataset_jpg_brightness/MCI/i352949/15.jpg,../../asset/dataset_jpg_brightness/SMC/i382590/15.jpg,../../asset/dataset_jpg_brightness/CN/i398528/20.jpg,../../asset/dataset_jpg_brightness/AD/i347086/17.jpg,../../asset/dataset_jpg_brightness/LMCI/i362138/21.jpg,../../asset/dataset_jpg_brightness/EMCI/i265871/24.jpg
../../asset/dataset_jpg_brightness/MCI/i352949/16.jpg,../../asset/dataset_jpg_brightness/SMC/i382590/16.jpg,../../asset/dataset_jpg_brightness/CN/i398528/16.jpg,../../asset/dataset_jpg_brightness/AD/i347086/20.jpg,../../asset/dataset_jpg_brightness/LMCI/i362138/16.jpg,../../asset/dataset_jpg_brightness/EMCI/i265871/16.jpg
../../asset/dataset_jpg_brightness/MCI/i812015/19.jpg,../../asset/dataset_jpg_brightness/SMC/i367760/28.jpg,../../asset/dataset_jpg_brightness/CN/i346108/14.jpg,../../asset/dataset_jpg_brightness/AD/i367568/26.jpg,../../asset/dataset_jpg_brightness/LMCI/i306884/19.jpg,../../asset/dataset_jpg_brightness/EMCI/i299309/19.jpg
../../asset/dataset_jpg_brightness/MCI/i812015/18.jpg,../../asset/dataset_jpg_brightness/SMC/i367760/26.jpg,../../asset/dataset_jpg_brightness/CN/i346108/13.jpg,../../asset/dataset_jpg_brightness/AD/i367568/25.jpg,../../asset/dataset_jpg_brightness/LMCI/i306884/18.jpg,../../asset/dataset_jpg_brightness/EMCI/i299309/14.jpg
../../asset/dataset_jpg_brightness/MCI/i812015/13.jpg,../../asset/dataset_jpg_brightness/SMC/i367760/25.jpg,../../asset/dataset_jpg_brightness/CN/i346108/17.jpg,../../asset/dataset_jpg_brightness/AD/i367568/27.jpg,../../asset/dataset_jpg_brightness/LMCI/i306884/17.jpg,../../asset/dataset_jpg_brightness/EMCI/i299309/17.jpg
../../asset/dataset_jpg_brightness/MCI/i812015/17.jpg,../../asset/dataset_jpg_brightness/SMC/i367760/27.jpg,../../asset/dataset_jpg_brightness/CN/i346108/15.jpg,../../asset/dataset_jpg_brightness/AD/i367568/31.jpg,../../asset/dataset_jpg_brightness/LMCI/i306884/20.jpg,../../asset/dataset_jpg_brightness/EMCI/i299309/15.jpg
../../asset/dataset_jpg_brightness/MCI/i812015/16.jpg,../../asset/dataset_jpg_brightness/SMC/i367760/24.jpg,../../asset/dataset_jpg_brightness/CN/i346108/16.jpg,../../asset/dataset_jpg_brightness/AD/i367568/24.jpg,../../asset/dataset_jpg_brightness/LMCI/i306884/21.jpg,../../asset/dataset_jpg_brightness/EMCI/i299309/16.jpg
../../asset/dataset_jpg_brightness/MCI/i385950/19.jpg,../../asset/dataset_jpg_brightness/SMC/i374302/18.jpg,../../asset/dataset_jpg_brightness/CN/i340559/19.jpg,../../asset/dataset_jpg_brightness/AD/i398907/28.jpg,../../asset/dataset_jpg_brightness/LMCI/i303440/19.jpg,../../asset/dataset_jpg_brightness/EMCI/i393006/19.jpg
../../asset/dataset_jpg_brightness/MCI/i385950/18.jpg,../../asset/dataset_jpg_brightness/SMC/i374302/13.jpg,../../asset/dataset_jpg_brightness/CN/i340559/12.jpg,../../asset/dataset_jpg_brightness/AD/i398907/29.jpg,../../asset/dataset_jpg_brightness/LMCI/i303440/18.jpg,../../asset/dataset_jpg_brightness/EMCI/i393006/22.jpg
../../asset/dataset_jpg_brightness/MCI/i385950/17.jpg,../../asset/dataset_jpg_brightness/SMC/i374302/17.jpg,../../asset/dataset_jpg_brightness/CN/i340559/17.jpg,../../asset/dataset_jpg_brightness/AD/i398907/26.jpg,../../asset/dataset_jpg_brightness/LMCI/i303440/17.jpg,../../asset/dataset_jpg_brightness/EMCI/i393006/18.jpg
../../asset/dataset_jpg_brightness/MCI/i385950/21.jpg,../../asset/dataset_jpg_brightness/SMC/i374302/15.jpg,../../asset/dataset_jpg_brightness/CN/i340559/15.jpg,../../asset/dataset_jpg_brightness/AD/i398907/30.jpg,../../asset/dataset_jpg_brightness/LMCI/i303440/20.jpg,../../asset/dataset_jpg_brightness/EMCI/i393006/17.jpg
../../asset/dataset_jpg_brightness/MCI/i385950/16.jpg,../../asset/dataset_jpg_brightness/SMC/i374302/16.jpg,../../asset/dataset_jpg_brightness/CN/i340559/16.jpg,../../asset/dataset_jpg_brightness/AD/i398907/32.jpg,../../asset/dataset_jpg_brightness/LMCI/i303440/16.jpg,../../asset/dataset_jpg_brightness/EMCI/i393006/20.jpg
../../asset/dataset_jpg_brightness/MCI/i363409/18.jpg,../../asset/dataset_jpg_brightness/SMC/i489952/18.jpg,../../asset/dataset_jpg_brightness/CN/i784908/19.jpg,../../asset/dataset_jpg_brightness/AD/i343914/18.jpg,../../asset/dataset_jpg_brightness/LMCI/i351587/19.jpg,../../asset/dataset_jpg_brightness/EMCI/i257485/22.jpg
../../asset/dataset_jpg_brightness/MCI/i363409/13.jpg,../../asset/dataset_jpg_brightness/SMC/i489952/13.jpg,../../asset/dataset_jpg_brightness/CN/i784908/18.jpg,../../asset/dataset_jpg_brightness/AD/i343914/14.jpg,../../asset/dataset_jpg_brightness/LMCI/i351587/18.jpg,../../asset/dataset_jpg_brightness/EMCI/i257485/28.jpg
../../asset/dataset_jpg_brightness/MCI/i363409/17.jpg,../../asset/dataset_jpg_brightness/SMC/i489952/17.jpg,../../asset/dataset_jpg_brightness/CN/i784908/20.jpg,../../asset/dataset_jpg_brightness/AD/i343914/17.jpg,../../asset/dataset_jpg_brightness/LMCI/i351587/17.jpg,../../asset/dataset_jpg_brightness/EMCI/i257485/26.jpg
../../asset/dataset_jpg_brightness/MCI/i363409/15.jpg,../../asset/dataset_jpg_brightness/SMC/i489952/15.jpg,../../asset/dataset_jpg_brightness/CN/i784908/21.jpg,../../asset/dataset_jpg_brightness/AD/i343914/20.jpg,../../asset/dataset_jpg_brightness/LMCI/i351587/20.jpg,../../asset/dataset_jpg_brightness/EMCI/i257485/25.jpg
../../asset/dataset_jpg_brightness/MCI/i363409/16.jpg,../../asset/dataset_jpg_brightness/SMC/i489952/16.jpg,../../asset/dataset_jpg_brightness/CN/i784908/16.jpg,../../asset/dataset_jpg_brightness/AD/i343914/16.jpg,../../asset/dataset_jpg_brightness/LMCI/i351587/21.jpg,../../asset/dataset_jpg_brightness/EMCI/i257485/24.jpg
../../asset/dataset_jpg_brightness/MCI/i404366/12.jpg,../../asset/dataset_jpg_brightness/SMC/i381470/12.jpg,../../asset/dataset_jpg_brightness/CN/i301755/22.jpg,../../asset/dataset_jpg_brightness/AD/i389295/19.jpg,../../asset/dataset_jpg_brightness/LMCI/i531783/19.jpg,../../asset/dataset_jpg_brightness/EMCI/i332885/22.jpg
../../asset/dataset_jpg_brightness/MCI/i404366/14.jpg,../../asset/dataset_jpg_brightness/SMC/i381470/14.jpg,../../asset/dataset_jpg_brightness/CN/i301755/23.jpg,../../asset/dataset_jpg_brightness/AD/i389295/18.jpg,../../asset/dataset_jpg_brightness/LMCI/i531783/18.jpg,../../asset/dataset_jpg_brightness/EMCI/i332885/26.jpg
../../asset/dataset_jpg_brightness/MCI/i404366/13.jpg,../../asset/dataset_jpg_brightness/SMC/i381470/13.jpg,../../asset/dataset_jpg_brightness/CN/i301755/20.jpg,../../asset/dataset_jpg_brightness/AD/i389295/17.jpg,../../asset/dataset_jpg_brightness/LMCI/i531783/14.jpg,../../asset/dataset_jpg_brightness/EMCI/i332885/25.jpg
../../asset/dataset_jpg_brightness/MCI/i404366/17.jpg,../../asset/dataset_jpg_brightness/SMC/i381470/15.jpg,../../asset/dataset_jpg_brightness/CN/i301755/21.jpg,../../asset/dataset_jpg_brightness/AD/i389295/20.jpg,../../asset/dataset_jpg_brightness/LMCI/i531783/15.jpg,../../asset/dataset_jpg_brightness/EMCI/i332885/27.jpg
../../asset/dataset_jpg_brightness/MCI/i404366/15.jpg,../../asset/dataset_jpg_brightness/SMC/i381470/16.jpg,../../asset/dataset_jpg_brightness/CN/i301755/24.jpg,../../asset/dataset_jpg_brightness/AD/i389295/15.jpg,../../asset/dataset_jpg_brightness/LMCI/i531783/16.jpg,../../asset/dataset_jpg_brightness/EMCI/i332885/24.jpg
../../asset/dataset_jpg_brightness/MCI/i467647/28.jpg,../../asset/dataset_jpg_brightness/SMC/i498750/19.jpg,../../asset/dataset_jpg_brightness/CN/i259650/19.jpg,../../asset/dataset_jpg_brightness/AD/i372480/19.jpg,../../asset/dataset_jpg_brightness/LMCI/i341807/18.jpg,../../asset/dataset_jpg_brightness/EMCI/i642461/19.jpg
../../asset/dataset_jpg_brightness/MCI/i467647/29.jpg,../../asset/dataset_jpg_brightness/SMC/i498750/18.jpg,../../asset/dataset_jpg_brightness/CN/i259650/18.jpg,../../asset/dataset_jpg_brightness/AD/i372480/22.jpg,../../asset/dataset_jpg_brightness/LMCI/i341807/14.jpg,../../asset/dataset_jpg_brightness/EMCI/i642461/18.jpg
../../asset/dataset_jpg_brightness/MCI/i467647/26.jpg,../../asset/dataset_jpg_brightness/SMC/i498750/14.jpg,../../asset/dataset_jpg_brightness/CN/i259650/13.jpg,../../asset/dataset_jpg_brightness/AD/i372480/18.jpg,../../asset/dataset_jpg_brightness/LMCI/i341807/13.jpg,../../asset/dataset_jpg_brightness/EMCI/i642461/17.jpg
../../asset/dataset_jpg_brightness/MCI/i467647/25.jpg,../../asset/dataset_jpg_brightness/SMC/i498750/17.jpg,../../asset/dataset_jpg_brightness/CN/i259650/17.jpg,../../asset/dataset_jpg_brightness/AD/i372480/20.jpg,../../asset/dataset_jpg_brightness/LMCI/i341807/17.jpg,../../asset/dataset_jpg_brightness/EMCI/i642461/15.jpg
../../asset/dataset_jpg_brightness/MCI/i467647/27.jpg,../../asset/dataset_jpg_brightness/SMC/i498750/15.jpg,../../asset/dataset_jpg_brightness/CN/i259650/15.jpg,../../asset/dataset_jpg_brightness/AD/i372480/21.jpg,../../asset/dataset_jpg_brightness/LMCI/i341807/16.jpg,../../asset/dataset_jpg_brightness/EMCI/i642461/16.jpg
